{
  "NVIDIA GeForce RTX 3090": {
    "matmul_shapes": {
      "512, 512, 512": {
        "float16": 0.112,
        "float32": 0.15616 
      },
      "1024, 1024, 1024": {
        "float16": 0.10936,
        "float32": 0.14510
      },
      "2048, 2048, 2048": {
        "float16": 0.22602,
        "float32": 0.87357
      },
      "4096, 4096, 4096": {
        "float16": 1.32124,
        "float32": 6.80687
      },
      "8192, 8192, 8192": {
        "float16": 12.10284,
        "float32": 49.35424
      },
      "16, 1024, 1024": {
        "float16": 0.10760,
        "float32": 0.15759
      },
      "16, 4096, 4096": {
        "float16": 0.10481,
        "float32": 0.15502
      },
      "16, 8192, 8192": {
        "float16": 0.17226,
        "float32": 0.37503
      },
      "64, 1024, 1024": {
        "float16": 0.10591,
        "float32": 0.15874
      },
      "64, 4096, 4096": {
        "float16": 0.11079,
        "float32": 0.16968
      },
      "64, 8192, 8192": {
        "float16": 0.19852,
        "float32": 0.59493
      },
      "1024, 64, 1024": {
        "float16": 0.11034,
        "float32": 0.15225
      },
      "4096, 64, 4096": {
        "float16": 0.11156,
        "float32": 0.33776
      },
      "8192, 64, 8192": {
        "float16": 0.20901,
        "float32": 1.28937
      },
      "8192, 8192, 8176": {
        "float16": 12.46699,
        "float32": 51.09904
      }
    },
    "fmha_shapes": {
      "4096, 4096, 64": {
        "float16": 0.12579
      },
      "4096, 4096, 128": {
        "float16": 0.18827
      },
      "2048, 2048, 64": {
        "float16": 0.07315
      },
      "2048, 2048, 128": {
        "float16": 0.07854
      },
      "1024, 1024, 64": {
        "float16": 0.07117
      },
      "1024, 1024, 128": {
        "float16": 0.07141
      }
    },
    "bert_base_shapes": {
      "128": {
        "float16": 1.44005,
        "float32": 2.33544
      }
    },
    "resnet50_shapes": {
      "1, 3, 224, 224": {
        "float16": 0.879,
        "float32": 1.19593
      }
    },
    "deeplabv3_resnet50_shapes": {
      "1, 3, 224, 224": {
        "float16": 999,
        "float32": 999
      }
    },
    "densenet121_shapes": {
      "1, 3, 224, 224": {
        "float16": 999,
        "float32": 999
      }
    },
    "mobilenet_v2_shapes": {
      "1, 3, 224, 224": {
        "float16": 999,
        "float32": 999
      }
    },
    "efficientnet_b0_shapes": {
      "1, 3, 224, 224": {
        "float16": 999,
        "float32": 999
      }
    },
    "alexnet_shapes": {
      "1, 3, 227, 227": {
        "float16": 999,
        "float32": 999
      }
    },
    "vgg19_shapes": {
      "1, 3, 224, 224": {
        "float16": 999,
        "float32": 999
      }
    },
    "squeezenet1_1_shapes": {
      "1, 3, 227, 227": {
        "float16": 999,
        "float32": 999
      }
    },
    "inception_v3_shapes": {
      "1, 3, 224, 224": {
        "float16": 999,
        "float32": 999
      }
    },
    "googlenet_shapes": {
      "1, 3, 224, 224": {
        "float16": 999,
        "float32": 999
      }
    },
    "shufflenet_v2_x1_0_shapes": {
      "1, 3, 224, 224": {
        "float16": 999,
        "float32": 999
      }
    },
    "regnet_x_400mf_shapes": {
      "1, 3, 224, 224": {
        "float16": 999,
        "float32": 999
      }
    },
    "yolov5s_shapes": {
      "1, 3, 720, 1280": {
        "float16": 999,
        "float32": 999
      }
    }
  },
  "NVIDIA A100": {
    "matmul_shapes": {
      "512, 512, 512": {
        "float16": 99999,
        "float32": 99999
      },
      "1024, 1024, 1024": {
        "float16": 99999,
        "float32": 99999
      },
      "2048, 2048, 2048": {
        "float16": 99999,
        "float32": 99999
      },
      "4096, 4096, 4096": {
        "float16": 99999,
        "float32": 99999
      },
      "8192, 8192, 8192": {
        "float16": 99999,
        "float32": 99999
      },
      "16, 1024, 1024": {
        "float16": 99999,
        "float32": 99999
      },
      "16, 4096, 4096": {
        "float16": 99999,
        "float32": 99999
      },
      "16, 8192, 8192": {
        "float16": 99999,
        "float32": 99999
      },
      "64, 1024, 1024": {
        "float16": 99999,
        "float32": 99999
      },
      "64, 4096, 4096": {
        "float16": 99999,
        "float32": 99999
      },
      "64, 8192, 8192": {
        "float16": 99999,
        "float32": 99999
      },
      "1024, 64, 1024": {
        "float16": 99999,
        "float32": 99999
      },
      "4096, 64, 4096": {
        "float16": 99999,
        "float32": 99999
      },
      "8192, 64, 8192": {
        "float16": 99999,
        "float32": 99999
      },
      "8192, 8192, 8176": {
        "float16": 99999,
        "float32": 99999
      }
    },
    "fmha_shapes": {
      "4096, 4096, 64": {
        "float16": 99999
      },
      "4096, 4096, 128": {
        "float16": 99999
      },
      "2048, 2048, 64": {
        "float16": 99999
      },
      "2048, 2048, 128": {
        "float16": 99999
      },
      "1024, 1024, 64": {
        "float16": 99999
      },
      "1024, 1024, 128": {
        "float16": 99999
      }
    },
    "bert_base_shapes": {
      "128": {
        "float16": 99999,
        "float32": 99999
      }
    },
    "resnet50_shapes": {
      "1, 3, 224, 224": {
        "float16": 99999,
        "float32": 99999
      }
    }
  },
  "NVIDIA A40": {
    "matmul_shapes": {
      "512, 512, 512": {
        "float16": 99999,
        "float32": 99999
      },
      "1024, 1024, 1024": {
        "float16": 99999,
        "float32": 99999
      },
      "2048, 2048, 2048": {
        "float16": 99999,
        "float32": 99999
      },
      "4096, 4096, 4096": {
        "float16": 99999,
        "float32": 99999
      },
      "8192, 8192, 8192": {
        "float16": 99999,
        "float32": 99999
      },
      "16, 1024, 1024": {
        "float16": 99999,
        "float32": 99999
      },
      "16, 4096, 4096": {
        "float16": 99999,
        "float32": 99999
      },
      "16, 8192, 8192": {
        "float16": 99999,
        "float32": 99999
      },
      "64, 1024, 1024": {
        "float16": 99999,
        "float32": 99999
      },
      "64, 4096, 4096": {
        "float16": 99999,
        "float32": 99999
      },
      "64, 8192, 8192": {
        "float16": 99999,
        "float32": 99999
      },
      "1024, 64, 1024": {
        "float16": 99999,
        "float32": 99999
      },
      "4096, 64, 4096": {
        "float16": 99999,
        "float32": 99999
      },
      "8192, 64, 8192": {
        "float16": 99999,
        "float32": 99999
      },
      "8192, 8192, 8176": {
        "float16": 99999,
        "float32": 99999
      }
    },
    "fmha_shapes": {
      "4096, 4096, 64": {
        "float16": 99999
      },
      "4096, 4096, 128": {
        "float16": 99999
      },
      "2048, 2048, 64": {
        "float16": 99999
      },
      "2048, 2048, 128": {
        "float16": 99999
      },
      "1024, 1024, 64": {
        "float16": 99999
      },
      "1024, 1024, 128": {
        "float16": 99999
      }
    },
    "bert_base_shapes": {
      "128": {
        "float16": 99999,
        "float32": 99999
      }
    },
    "resnet50_shapes": {
      "1, 3, 224, 224": {
        "float16": 99999,
        "float32": 99999
      }
    },
    "deeplabv3_resnet50_shapes": {
      "1, 3, 224, 224": {
        "float16": 999,
        "float32": 999
      }
    },
    "densenet121_shapes": {
      "1, 3, 224, 224": {
        "float16": 999,
        "float32": 999
      }
    },
    "mobilenet_v2_shapes": {
      "1, 3, 224, 224": {
        "float16": 999,
        "float32": 999
      }
    },
    "efficientnet_b0_shapes": {
      "1, 3, 224, 224": {
        "float16": 999,
        "float32": 999
      }
    },
    "alexnet_shapes": {
      "1, 3, 227, 227": {
        "float16": 999,
        "float32": 999
      }
    },