{
  "NVIDIA GeForce RTX 3090": {
    "matmul_shapes": {
      "512, 512, 512": {
        "float16": 0.12596,
        "float32": 0.15616 
      },
      "1024, 1024, 1024": {
        "float16": 0.12398,
        "float32": 0.15616
      },
      "2048, 2048, 2048": {
        "float16": 0.22602,
        "float32": 0.87357
      },
      "4096, 4096, 4096": {
        "float16": 1.32124,
        "float32": 5.87606
      },
      "8192, 8192, 8192": {
        "float16": 12.10284,
        "float32": 49.35424
      },
      "16, 1024, 1024": {
        "float16": 0.12477,
        "float32": 0.17158
      },
      "16, 4096, 4096": {
        "float16": 0.115,
        "float32": 0.17015
      },
      "16, 8192, 8192": {
        "float16": 0.18843,
        "float32": 0.37503
      },
      "64, 1024, 1024": {
        "float16": 0.11762,
        "float32": 0.18279
      },
      "64, 4096, 4096": {
        "float16": 0.13765,
        "float32": 0.18756
      },
      "64, 8192, 8192": {
        "float16": 0.19852,
        "float32": 0.59493
      },
      "1024, 64, 1024": {
        "float16": 0.12048,
        "float32": 0.16848
      },
      "4096, 64, 4096": {
        "float16": 0.12159,
        "float32": 0.33776
      },
      "8192, 64, 8192": {
        "float16": 0.20901,
        "float32": 1.28937
      },
      "8192, 8192, 8176": {
        "float16": 12.46699,
        "float32": 49.63279
      }
    },
    "fmha_shapes": {
      "4096, 4096, 64": {
        "float16": 0.13677
      },
      "4096, 4096, 128": {
        "float16": 0.18827
      },
      "2048, 2048, 64": {
        "float16": 0.08210
      },
      "2048, 2048, 128": {
        "float16": 0.08885
      },
      "1024, 1024, 64": {
        "float16": 0.08249
      },
      "1024, 1024, 128": {
        "float16": 0.07931
      }
    },
    "bert_base_shapes": {
      "128": {
        "float16": 1.44005,
        "float32": 2.33544
      }
    },
    "resnet50_shapes": {
      "1, 3, 224, 224": {
        "float16": 0.879,
        "float32": 1.19593
      }
    }
  },
  "NVIDIA A100": {
    "matmul_shapes": {
      "512, 512, 512": {
        "float16": 99999,
        "float32": 99999
      },
      "1024, 1024, 1024": {
        "float16": 99999,
        "float32": 99999
      },
      "2048, 2048, 2048": {
        "float16": 99999,
        "float32": 99999
      },
      "4096, 4096, 4096": {
        "float16": 99999,
        "float32": 99999
      },
      "8192, 8192, 8192": {
        "float16": 99999,
        "float32": 99999
      },
      "16, 1024, 1024": {
        "float16": 99999,
        "float32": 99999
      },
      "16, 4096, 4096": {
        "float16": 99999,
        "float32": 99999
      },
      "16, 8192, 8192": {
        "float16": 99999,
        "float32": 99999
      },
      "64, 1024, 1024": {
        "float16": 99999,
        "float32": 99999
      },
      "64, 4096, 4096": {
        "float16": 99999,
        "float32": 99999
      },
      "64, 8192, 8192": {
        "float16": 99999,
        "float32": 99999
      },
      "1024, 64, 1024": {
        "float16": 99999,
        "float32": 99999
      },
      "4096, 64, 4096": {
        "float16": 99999,
        "float32": 99999
      },
      "8192, 64, 8192": {
        "float16": 99999,
        "float32": 99999
      },
      "8192, 8192, 8176": {
        "float16": 99999,
        "float32": 99999
      }
    },
    "fmha_shapes": {
      "4096, 4096, 64": {
        "float16": 99999
      },
      "4096, 4096, 128": {
        "float16": 99999
      },
      "2048, 2048, 64": {
        "float16": 99999
      },
      "2048, 2048, 128": {
        "float16": 99999
      },
      "1024, 1024, 64": {
        "float16": 99999
      },
      "1024, 1024, 128": {
        "float16": 99999
      }
    },
    "bert_base_shapes": {
      "128": {
        "float16": 99999,
        "float32": 99999
      }
    },
    "resnet50_shapes": {
      "1, 3, 224, 224": {
        "float16": 99999,
        "float32": 99999
      }
    }
  },
  "NVIDIA A40": {
    "matmul_shapes": {
      "512, 512, 512": {
        "float16": 99999,
        "float32": 99999
      },
      "1024, 1024, 1024": {
        "float16": 99999,
        "float32": 99999
      },
      "2048, 2048, 2048": {
        "float16": 99999,
        "float32": 99999
      },
      "4096, 4096, 4096": {
        "float16": 99999,
        "float32": 99999
      },
      "8192, 8192, 8192": {
        "float16": 99999,
        "float32": 99999
      },
      "16, 1024, 1024": {
        "float16": 99999,
        "float32": 99999
      },
      "16, 4096, 4096": {
        "float16": 99999,
        "float32": 99999
      },
      "16, 8192, 8192": {
        "float16": 99999,
        "float32": 99999
      },
      "64, 1024, 1024": {
        "float16": 99999,
        "float32": 99999
      },
      "64, 4096, 4096": {
        "float16": 99999,
        "float32": 99999
      },
      "64, 8192, 8192": {
        "float16": 99999,
        "float32": 99999
      },
      "1024, 64, 1024": {
        "float16": 99999,
        "float32": 99999
      },
      "4096, 64, 4096": {
        "float16": 99999,
        "float32": 99999
      },
      "8192, 64, 8192": {
        "float16": 99999,
        "float32": 99999
      },
      "8192, 8192, 8176": {
        "float16": 99999,
        "float32": 99999
      }
    },
    "fmha_shapes": {
      "4096, 4096, 64": {
        "float16": 99999
      },
      "4096, 4096, 128": {
        "float16": 99999
      },
      "2048, 2048, 64": {
        "float16": 99999
      },
      "2048, 2048, 128": {
        "float16": 99999
      },
      "1024, 1024, 64": {
        "float16": 99999
      },
      "1024, 1024, 128": {
        "float16": 99999
      }
    },
    "bert_base_shapes": {
      "128": {
        "float16": 99999,
        "float32": 99999
      }
    },
    "resnet50_shapes": {
      "1, 3, 224, 224": {
        "float16": 99999,
        "float32": 99999
      }
    }
  }
}