{
  "matmul_80x2304x768": {
    "Opt": [
      0.14416000247001648,
      0.14348800480365753,
      0.14294399321079254,
      0.14310400187969208,
      0.1414719969034195,
      0.14336000382900238,
      0.1432960033416748,
      0.14204800128936768,
      0.14336000382900238,
      0.1427839994430542
    ],
    "cutlass": [
      0.1483519971370697,
      0.1472959965467453,
      0.14723199605941772,
      0.14720000326633453,
      0.1462080031633377,
      0.14716799557209015,
      0.14739200472831726,
      0.14745600521564484,
      0.1467839926481247,
      0.15190400183200836
    ],
    "cuBLAS": [
      0.09494400024414062,
      0.09046400338411331,
      0.09097599983215332,
      0.0910400003194809,
      0.09011200070381165,
      0.09187199920415878,
      0.09193599969148636,
      0.09216000139713287,
      0.09200000017881393,
      0.09174399822950363
    ],
    "HidetMatmul": [
      0.08803199976682663,
      0.0891840010881424,
      0.08649600297212601,
      0.08716800063848495,
      0.08671999722719193,
      0.08656000345945358,
      0.08832000195980072,
      0.08649600297212601,
      0.08799999952316284,
      0.08799999952316284
    ]
  },
  "matmul_384x2304x768": {
    "Opt": [
      0.2816320061683655,
      0.27907198667526245,
      0.2807359993457794,
      0.27904000878334045,
      0.28044798970222473,
      0.2791999876499176,
      0.2780799865722656,
      0.27990400791168213,
      0.2787199914455414,
      0.27852800488471985
    ],
    "cutlass": [
      0.2874239981174469,
      0.2885439991950989,
      0.2879360020160675,
      0.28751999139785767,
      0.2887359857559204,
      0.28672000765800476,
      0.2879360020160675,
      0.28726398944854736,
      0.2868480086326599,
      0.28806400299072266
    ],
    "cuBLAS": [
      0.2332800030708313,
      0.23955200612545013,
      0.2316800057888031,
      0.2314240038394928,
      0.23097600042819977,
      0.23347200453281403,
      0.23308800160884857,
      0.2314240038394928,
      0.23004800081253052,
      0.23180800676345825
    ],
    "HidetMatmul": [
      0.2505919933319092,
      0.2500160038471222,
      0.2515519857406616,
      0.24988800287246704,
      0.24959999322891235,
      0.24982400238513947,
      0.24985599517822266,
      0.251583993434906,
      0.24995200335979462,
      0.2497600018978119
    ]
  },
  "matmul_688x2304x768": {
    "Opt": [
      0.4317440092563629,
      0.43408000469207764,
      0.43270400166511536,
      0.43219199776649475,
      0.43347200751304626,
      0.43398401141166687,
      0.43484801054000854,
      0.4318400025367737,
      0.4331519901752472,
      0.43296000361442566
    ],
    "cutlass": [
      0.4402559995651245,
      0.4403199851512909,
      0.4403199851512909,
      0.4392319917678833,
      0.43904000520706177,
      0.4390079975128174,
      0.4402880072593689,
      0.43827199935913086,
      0.438400000333786,
      0.43932801485061646
    ],
    "cuBLAS": [
      0.4177919924259186,
      0.41574400663375854,
      0.41763201355934143,
      0.41411200165748596,
      0.4136959910392761,
      0.415583997964859,
      0.41574400663375854,
      0.4136959910392761,
      0.41574400663375854,
      0.41523200273513794
    ],
    "HidetMatmul": [
      0.39164799451828003,
      0.39158400893211365,
      0.3909440040588379,
      0.3901439905166626,
      0.3912639915943146,
      0.39129599928855896,
      0.3911040127277374,
      0.3901439905166626,
      0.3909119963645935,
      0.3911679983139038
    ]
  },
  "matmul_992x2304x768": {
    "Opt": [
      0.5736960172653198,
      0.5713919997215271,
      0.5717120170593262,
      0.5714240074157715,
      0.5695679783821106,
      0.5673279762268066,
      0.5752959847450256,
      0.5737280249595642,
      0.5703359842300415,
      0.5689600110054016
    ],
    "cutlass": [
      0.5768640041351318,
      0.5761920213699341,
      0.5776000022888184,
      0.5754879713058472,
      0.5760959982872009,
      0.5772160291671753,
      0.5767359733581543,
      0.575872004032135,
      0.5761280059814453,
      0.5758399963378906
    ],
    "cuBLAS": [
      0.5386559963226318,
      0.5362560153007507,
      0.5358080267906189,
      0.536575973033905,
      0.5363519787788391,
      0.5366079807281494,
      0.5340480208396912,
      0.5386239886283875,
      0.5358399748802185,
      0.5356159806251526
    ],
    "HidetMatmul": [
      0.5754560232162476,
      0.5753600001335144,
      0.5755839943885803,
      0.5754240155220032,
      0.5751680135726929,
      0.5749760270118713,
      0.5763199925422668,
      0.5754879713058472,
      0.577023983001709,
      0.5756480097770691
    ]
  },
  "matmul_1296x2304x768": {
    "Opt": [
      0.7188479900360107,
      0.7133119702339172,
      0.7167680263519287,
      0.7156479954719543,
      0.7173119783401489,
      0.7167999744415283,
      0.7154560089111328,
      0.7147520184516907,
      0.7168319821357727,
      0.7167999744415283
    ],
    "cutlass": [
      0.7301120162010193,
      0.7311679720878601,
      0.729312002658844,
      0.7307199835777283,
      0.730783998966217,
      0.7313920259475708,
      0.7311360239982605,
      0.731328010559082,
      0.7307199835777283,
      0.730239987373352
    ],
    "cuBLAS": [
      0.7044159770011902,
      0.7045120000839233,
      0.7011200189590454,
      0.7024639844894409,
      0.7029119729995728,
      0.7033600211143494,
      0.7023040056228638,
      0.7033920288085938,
      0.7003520131111145,
      0.7050880193710327
    ],
    "HidetMatmul": [
      0.7149760127067566,
      0.7133119702339172,
      0.7160959839820862,
      0.7149119973182678,
      0.7142720222473145,
      0.7125120162963867,
      0.7145919799804688,
      0.7140160202980042,
      0.7127040028572083,
      0.7146239876747131
    ]
  },
  "matmul_1600x2304x768": {
    "Opt": [
      0.8563839793205261,
      0.8577920198440552,
      0.8577600121498108,
      0.857151985168457,
      0.8560960292816162,
      0.8560000061988831,
      0.853600025177002,
      0.8517439961433411,
      0.8546879887580872,
      0.8558719754219055
    ],
    "cutlass": [
      0.8683519959449768,
      0.8668479919433594,
      0.8686720132827759,
      0.8686720132827759,
      0.868511974811554,
      0.8667839765548706,
      0.8675519824028015,
      0.869920015335083,
      0.8676480054855347,
      0.8670399785041809
    ],
    "cuBLAS": [
      0.7978879809379578,
      0.7988479733467102,
      0.7986559867858887,
      0.7993919849395752,
      0.7986559867858887,
      0.7974720001220703,
      0.7968639731407166,
      0.7989439964294434,
      0.7983999848365784,
      0.7986559867858887
    ],
    "HidetMatmul": [
      0.8540160059928894,
      0.8543999791145325,
      0.8540160059928894,
      0.8540160059928894,
      0.8540160059928894,
      0.8542400002479553,
      0.8554880023002625,
      0.8549119830131531,
      0.8537600040435791,
      0.8560000061988831
    ]
  },
  "matmul_1904x2304x768": {
    "Opt": [
      1.0002880096435547,
      1.000607967376709,
      0.9983999729156494,
      0.9991359710693359,
      0.9935680031776428,
      0.9993600249290466,
      0.9953600168228149,
      0.9953280091285706,
      0.9961599707603455,
      0.9956799745559692
    ],
    "cutlass": [
      1.0076160430908203,
      1.0044159889221191,
      1.0039039850234985,
      1.0061440467834473,
      1.0065280199050903,
      1.0035200119018555,
      1.00547194480896,
      1.0035200119018555,
      1.0069760084152222,
      1.0072640180587769
    ],
    "cuBLAS": [
      0.9642559885978699,
      0.9582719802856445,
      0.9595839977264404,
      0.9611200094223022,
      0.9584640264511108,
      0.9584640264511108,
      0.9596480131149292,
      0.9602559804916382,
      0.9572160243988037,
      0.9583680033683777
    ],