{
  "matmul_80x2304x768": {
    "Opt": [
      0.14643199741840363,
      0.14233599603176117,
      0.14233599603176117,
      0.14233599603176117,
      0.14233599603176117,
      0.14233599603176117,
      0.14336000382900238,
      0.14336000382900238,
      0.14233599603176117,
      0.14336000382900238
    ],
    "cutlass": [
      0.15052799880504608,
      0.14643199741840363,
      0.14745600521564484,
      0.14745600521564484,
      0.14643199741840363,
      0.14745600521564484,
      0.14745600521564484,
      0.14643199741840363,
      0.14745600521564484,
      0.14745600521564484
    ],
    "cuBLAS": [
      0.05119999870657921,
      0.050175998359918594,
      0.04915200173854828,
      0.04915200173854828,
      0.04915200173854828,
      0.050175998359918594,
      0.04915200173854828,
      0.050175998359918594,
      0.04915200173854828,
      0.04915200173854828
    ],
    "HidetMatmul": [
      0.08908800035715103,
      0.08908800035715103,
      0.08908800035715103,
      0.08806400001049042,
      0.08806400001049042,
      0.08806400001049042,
      0.08806400001049042,
      0.08908800035715103,
      0.08908800035715103,
      0.08908800035715103
    ]
  },
  "matmul_384x2304x768": {
    "Opt": [
      0.14643199741840363,
      0.1454080045223236,
      0.14643199741840363,
      0.1454080045223236,
      0.14643199741840363,
      0.1454080045223236,
      0.14847999811172485,
      0.1454080045223236,
      0.1454080045223236,
      0.1454080045223236
    ],
    "cutlass": [
      0.15052799880504608,
      0.14847999811172485,
      0.14847999811172485,
      0.14847999811172485,
      0.14745600521564484,
      0.14847999811172485,
      0.15052799880504608,
      0.14847999811172485,
      0.14847999811172485,
      0.14847999811172485
    ],
    "cuBLAS": [
      0.1372160017490387,
      0.130048006772995,
      0.130048006772995,
      0.12902399897575378,
      0.13619199395179749,
      0.1382399946451187,
      0.1372160017490387,
      0.130048006772995,
      0.13619199395179749,
      0.130048006772995
    ],
    "HidetMatmul": [
      0.1525759994983673,
      0.14950400590896606,
      0.1515520066022873,
      0.14950400590896606,
      0.15052799880504608,
      0.14950400590896606,
      0.15052799880504608,
      0.15052799880504608,
      0.14950400590896606,
      0.14950400590896606
    ]
  },
  "matmul_688x2304x768": {
    "Opt": [
      0.27852800488471985,
      0.2754560112953186,
      0.2744320034980774,
      0.2754560112953186,
      0.2744320034980774,
      0.2744320034980774,
      0.2744320034980774,
      0.2744320034980774,
      0.2744320034980774,
      0.2744320034980774
    ],
    "cutlass": [
      0.29183998703956604,
      0.2908160090446472,
      0.2908160090446472,
      0.289792001247406,
      0.29183998703956604,
      0.289792001247406,
      0.29286399483680725,
      0.2908160090446472,
      0.2908160090446472,
      0.2908160090446472
    ],
    "cuBLAS": [
      0.23244799673557281,
      0.22732800245285034,
      0.21606400609016418,
      0.2252800017595291,
      0.22323200106620789,
      0.2252800017595291,
      0.22220799326896667,
      0.22323200106620789,
      0.2170879989862442,
      0.21606400609016418
    ],
    "HidetMatmul": [
      0.2170879989862442,
      0.21503999829292297,
      0.21503999829292297,
      0.21606400609016418,
      0.21401600539684296,
      0.21503999829292297,
      0.21503999829292297,
      0.21606400609016418,
      0.21503999829292297,
      0.2170879989862442
    ]
  },
  "matmul_992x2304x768": {
    "Opt": [
      0.2764799892902374,
      0.2764799892902374,
      0.2754560112953186,
      0.2764799892902374,
      0.2754560112953186,
      0.2744320034980774,
      0.2754560112953186,
      0.2744320034980774,
      0.2744320034980774,
      0.2744320034980774
    ],
    "cutlass": [
      0.2959359884262085,
      0.2908160090446472,
      0.29183998703956604,
      0.2908160090446472,
      0.2908160090446472,
      0.2908160090446472,
      0.29183998703956604,
      0.2908160090446472,
      0.29388800263404846,
      0.29286399483680725
    ],
    "cuBLAS": [
      0.3031040132045746,
      0.28569599986076355,
      0.28672000765800476,
      0.289792001247406,
      0.28467199206352234,
      0.2877439856529236,
      0.28467199206352234,
      0.28467199206352234,
      0.28467199206352234,
      0.28467199206352234
    ],
    "HidetMatmul": [
      0.27955201268196106,
      0.27852800488471985,
      0.27750399708747864,
      0.27955201268196106,
      0.27852800488471985,
      0.27750399708747864,
      0.27750399708747864,
      0.27852800488471985,
      0.27750399708747864,
      0.27750399708747864
    ]
  },
  "matmul_1296x2304x768": {
    "Opt": [
      0.4177919924259186,
      0.41676801443099976,
      0.41574400663375854,
      0.41471999883651733,
      0.41471999883651733,
      0.41676801443099976,
      0.4136959910392761,
      0.41471999883651733,
      0.41574400663375854,
      0.41471999883651733
    ],
    "cutlass": [
      0.43724799156188965,
      0.4341759979724884,
      0.4352000057697296,
      0.4341759979724884,
      0.4352000057697296,
      0.4352000057697296,
      0.4341759979724884,
      0.4352000057697296,
      0.4341759979724884,
      0.4341759979724884
    ],
    "cuBLAS": [
      0.4034560024738312,
      0.3850240111351013,
      0.3850240111351013,
      0.3840000033378601,
      0.38092800974845886,
      0.38809600472450256,
      0.3819519877433777,
      0.3840000033378601,
      0.3829759955406189,
      0.38809600472450256
    ],
    "HidetMatmul": [
      0.3614720106124878,
      0.35839998722076416,
      0.35839998722076416,
      0.3614720106124878,
      0.35839998722076416,
      0.3604480028152466,
      0.35839998722076416,
      0.35737600922584534,
      0.35839998722076416,
      0.35839998722076416
    ]
  },
  "matmul_1600x2304x768": {
    "Opt": [
      0.4177919924259186,
      0.41574400663375854,
      0.4188160002231598,
      0.41676801443099976,
      0.4177919924259186,
      0.41574400663375854,
      0.41676801443099976,
      0.41574400663375854,
      0.41574400663375854,
      0.41574400663375854
    ],
    "cutlass": [
      0.43724799156188965,
      0.4362240135669708,
      0.43724799156188965,
      0.4352000057697296,
      0.4362240135669708,
      0.4362240135669708,
      0.4352000057697296,
      0.4352000057697296,
      0.4352000057697296,
      0.4341759979724884
    ],
    "cuBLAS": [
      0.4833280146121979,
      0.4679679870605469,
      0.4628480076789856,
      0.4986880123615265,
      0.4689919948577881,
      0.4618239998817444,
      0.46489599347114563,
      0.4628480076789856,
      0.43827199935913086,
      0.46489599347114563
    ],
    "HidetMatmul": [
      0.4270080029964447,
      0.4280320107936859,
      0.4280320107936859,
      0.4280320107936859,
      0.4270080029964447,
      0.4280320107936859,
      0.4249599874019623,
      0.42393600940704346,
      0.4270080029964447,
      0.4270080029964447
    ]
  },
  "matmul_1904x2304x768": {
    "Opt": [
      0.5509120225906372,
      0.5468159914016724,
      0.5457919836044312,
      0.5478399991989136,
      0.5478399991989136,
      0.5457919836044312,
      0.5468159914016724,
      0.5457919836044312,
      0.5447679758071899,
      0.5468159914016724
    ],
    "cutlass": [
      0.5826560258865356,
      0.5806080102920532,
      0.579584002494812,
      0.579584002494812,
      0.579584002494812,
      0.5806080102920532,
      0.5806080102920532,
      0.579584002494812,
      0.5816320180892944,
      0.579584002494812
    ],
    "cuBLAS": [
      0.5181440114974976,
      0.49663999676704407,
      0.5263360142707825,
      0.5109760165214539,
      0.5058559775352478,
      0.5038080215454102,
      0.5253120064735413,
      0.5273600220680237,
      0.4986880123615265,
      0.5253120064735413
    ],