{
  "matmul_80x2304x768": {
    "Opt": [
      0.1438080072402954,
      0.14336000382900238,
      0.14336000382900238,
      0.14159999787807465,
      0.14336000382900238,
      0.14313599467277527,
      0.14310400187969208,
      0.1427839994430542,
      0.14323200285434723,
      0.14179199934005737
    ],
    "cutlass": [
      0.14787200093269348,
      0.14591999351978302,
      0.14745600521564484,
      0.14710399508476257,
      0.1472640037536621,
      0.14694400131702423,
      0.14630399644374847,
      0.147039994597435,
      0.14617599546909332,
      0.14735999703407288
    ],
    "cuBLAS": [
      0.09206400066614151,
      0.09200000017881393,
      0.09177599847316742,
      0.09065599739551544,
      0.09196799993515015,
      0.09142400324344635,
      0.09071999788284302,
      0.09068799763917923,
      0.09020800143480301,
      0.09011200070381165
    ],
    "HidetMatmul": [
      0.09011200070381165,
      0.09008000046014786,
      0.08988799899816513,
      0.08921600133180618,
      0.08876799792051315,
      0.0883840024471283,
      0.08902399986982346,
      0.08915200084447861,
      0.0902400016784668,
      0.08902399986982346
    ]
  },
  "matmul_384x2304x768": {
    "Opt": [
      0.2800639867782593,
      0.28035199642181396,
      0.2808319926261902,
      0.2804799973964691,
      0.27852800488471985,
      0.28016000986099243,
      0.27852800488471985,
      0.27884799242019653,
      0.27852800488471985,
      0.27852800488471985
    ],
    "cutlass": [
      0.2887679934501648,
      0.2885439991950989,
      0.2877439856529236,
      0.28806400299072266,
      0.28732800483703613,
      0.28672000765800476,
      0.28672000765800476,
      0.2877439856529236,
      0.2874239981174469,
      0.2881920039653778
    ],
    "cuBLAS": [
      0.2359360009431839,
      0.2311359941959381,
      0.23110400140285492,
      0.22998400032520294,
      0.22937600314617157,
      0.22966399788856506,
      0.23075200617313385,
      0.22937600314617157,
      0.23014399409294128,
      0.2303680032491684
    ],
    "HidetMatmul": [
      0.25200000405311584,
      0.25200000405311584,
      0.25228801369667053,
      0.25257599353790283,
      0.25299200415611267,
      0.2537280023097992,
      0.2526080012321472,
      0.2513599991798401,
      0.2516160011291504,
      0.25222399830818176
    ]
  },
  "matmul_688x2304x768": {
    "Opt": [
      0.43401598930358887,
      0.43379199504852295,
      0.43167999386787415,
      0.43007999658584595,
      0.43222400546073914,
      0.43142399191856384,
      0.43244799971580505,
      0.4341759979724884,
      0.43244799971580505,
      0.4328320026397705
    ],
    "cutlass": [
      0.4411199986934662,
      0.44012799859046936,
      0.4403519928455353,
      0.43961599469184875,
      0.43935999274253845,
      0.438400000333786,
      0.4389120042324066,
      0.43862399458885193,
      0.43987199664115906,
      0.4392319917678833
    ],
    "cuBLAS": [
      0.416703999042511,
      0.4145280122756958,
      0.41545599699020386,
      0.4159359931945801,
      0.4156160056591034,
      0.41200000047683716,
      0.4139840006828308,
      0.4155519902706146,
      0.41891199350357056,
      0.41411200165748596
    ],
    "HidetMatmul": [
      0.38707199692726135,
      0.38284799456596375,
      0.3835200071334839,
      0.38419198989868164,
      0.38489601016044617,
      0.3829759955406189,
      0.384223997592926,
      0.38441601395606995,
      0.38307198882102966,
      0.3834240138530731
    ]
  },
  "matmul_992x2304x768": {
    "Opt": [
      0.5734400153160095,
      0.5678719878196716,
      0.5713919997215271,
      0.5688319802284241,
      0.5723519921302795,
      0.5701119899749756,
      0.5678079724311829,
      0.5710399746894836,
      0.5660480260848999,
      0.5666559934616089
    ],
    "cutlass": [
      0.5762559771537781,
      0.5794240236282349,
      0.5738880038261414,
      0.5734720230102539,
      0.5752639770507812,
      0.5741440057754517,
      0.5734400153160095,
      0.5752320289611816,
      0.576416015625,
      0.5759040117263794
    ],
    "cuBLAS": [
      0.5332480072975159,
      0.5311359763145447,
      0.5343359708786011,
      0.5336319804191589,
      0.5338879823684692,
      0.5356799960136414,
      0.532480001449585,
      0.5341119766235352,
      0.5335680246353149,
      0.5382720232009888
    ],
    "HidetMatmul": [
      0.5682880282402039,
      0.5686399936676025,
      0.5684800148010254,
      0.5685439705848694,
      0.5692800283432007,
      0.567296028137207,
      0.5679360032081604,
      0.5687680244445801,
      0.5679360032081604,
      0.5686079859733582
    ]
  },
  "matmul_1296x2304x768": {
    "Opt": [
      0.7168319821357727,
      0.7172160148620605,
      0.7167999744415283,
      0.7155839800834656,
      0.7167040109634399,
      0.7168959975242615,
      0.7186560034751892,
      0.7144320011138916,
      0.7167999744415283,
      0.7167680263519287
    ],
    "cutlass": [
      0.7309120297431946,
      0.7299839854240417,
      0.7282879948616028,
      0.7295359969139099,
      0.7303040027618408,
      0.7298240065574646,
      0.728767991065979,
      0.7289599776268005,
      0.7303680181503296,
      0.7268159985542297
    ],
    "cuBLAS": [
      0.7042880058288574,
      0.7045760154724121,
      0.7046719789505005,
      0.7013760209083557,
      0.7045120000839233,
      0.7049279808998108,
      0.7052159905433655,
      0.7054399847984314,
      0.7014080286026001,
      0.7023040056228638
    ],
    "HidetMatmul": [
      0.6966400146484375,
      0.6983039975166321,
      0.6963199973106384,
      0.6974719762802124,
      0.6981120109558105,
      0.6976640224456787,
      0.6982399821281433,
      0.6967039704322815,
      0.6956160068511963,
      0.6987519860267639
    ]
  },
  "matmul_1600x2304x768": {
    "Opt": [
      0.8579519987106323,
      0.8561599850654602,
      0.8579519987106323,
      0.857695996761322,
      0.857151985168457,
      0.8580480217933655,
      0.8546879887580872,
      0.8559039831161499,
      0.8553599715232849,
      0.857151985168457
    ],
    "cutlass": [
      0.8686720132827759,
      0.8677759766578674,
      0.8696320056915283,
      0.8667839765548706,
      0.8680319786071777,
      0.8663039803504944,
      0.8697280287742615,
      0.8669760227203369,
      0.8680319786071777,
      0.8681600093841553
    ],
    "cuBLAS": [
      0.8008639812469482,
      0.7975360155105591,
      0.7991999983787537,
      0.7980480194091797,
      0.7980480194091797,
      0.7972480058670044,
      0.7984960079193115,
      0.7974720001220703,
      0.7987200021743774,
      0.7973120212554932
    ],
    "HidetMatmul": [
      0.8680959939956665,
      0.8663039803504944,
      0.8660799860954285,
      0.8664000034332275,
      0.8659520149230957,
      0.8660159707069397,
      0.8678399920463562,
      0.8663679957389832,
      0.8663039803504944,
      0.8663039803504944
    ]
  },
  "matmul_1904x2304x768": {
    "Opt": [
      1.0031360387802124,
      0.997376024723053,
      0.993664026260376,
      0.9994239807128906,
      0.997376024723053,
      0.9932479858398438,
      0.9979519844055176,
      0.9978240132331848,
      0.997439980506897,
      0.99481600522995
    ],
    "cutlass": [
      1.0079360008239746,
      1.009600043296814,
      1.0090559720993042,
      1.009119987487793,
      1.0096640586853027,
      1.008128046989441,
      1.005728006362915,
      1.008288025856018,
      1.0080959796905518,
      1.0056960582733154
    ],
    "cuBLAS": [
      0.9645119905471802,
      0.9592639803886414,
      0.9621760249137878,
      0.9604480266571045,
      0.9582719802856445,
      0.9585919976234436,
      0.9624320268630981,
      0.9568960070610046,
      0.9627199769020081,
      0.957472026348114
    ],