{
  "matmul_80x2304x768": {
    "Opt": [
      0.1454080045223236,
      0.14336000382900238,
      0.14233599603176117,
      0.1454080045223236,
      0.14233599603176117,
      0.14336000382900238,
      0.14233599603176117,
      0.14233599603176117,
      0.14336000382900238,
      0.14233599603176117
    ],
    "cutlass": [
      0.14745600521564484,
      0.14847999811172485,
      0.14643199741840363,
      0.14745600521564484,
      0.14643199741840363,
      0.14643199741840363,
      0.14643199741840363,
      0.14643199741840363,
      0.14745600521564484,
      0.14643199741840363
    ],
    "cuBLAS": [
      0.05119999870657921,
      0.050175998359918594,
      0.050175998359918594,
      0.050175998359918594,
      0.04915200173854828,
      0.050175998359918594,
      0.050175998359918594,
      0.04915200173854828,
      0.04915200173854828,
      0.050175998359918594
    ],
    "HidetMatmul": [
      0.08499199897050858,
      0.08499199897050858,
      0.08499199897050858,
      0.08499199897050858,
      0.0870399996638298,
      0.08499199897050858,
      0.08499199897050858,
      0.08601599931716919,
      0.08499199897050858,
      0.08601599931716919
    ]
  },
  "matmul_384x2304x768": {
    "Opt": [
      0.14745600521564484,
      0.1454080045223236,
      0.1454080045223236,
      0.1454080045223236,
      0.1454080045223236,
      0.1454080045223236,
      0.1454080045223236,
      0.1454080045223236,
      0.1454080045223236,
      0.1454080045223236
    ],
    "cutlass": [
      0.14950400590896606,
      0.14847999811172485,
      0.14847999811172485,
      0.14847999811172485,
      0.14847999811172485,
      0.15052799880504608,
      0.14950400590896606,
      0.14847999811172485,
      0.14847999811172485,
      0.15052799880504608
    ],
    "cuBLAS": [
      0.130048006772995,
      0.12902399897575378,
      0.130048006772995,
      0.12902399897575378,
      0.12902399897575378,
      0.12800000607967377,
      0.130048006772995,
      0.13619199395179749,
      0.12800000607967377,
      0.13516800105571747
    ],
    "HidetMatmul": [
      0.1515520066022873,
      0.15052799880504608,
      0.1515520066022873,
      0.1525759994983673,
      0.15052799880504608,
      0.15052799880504608,
      0.15052799880504608,
      0.15052799880504608,
      0.14950400590896606,
      0.15052799880504608
    ]
  },
  "matmul_688x2304x768": {
    "Opt": [
      0.2764799892902374,
      0.2754560112953186,
      0.2744320034980774,
      0.2744320034980774,
      0.27750399708747864,
      0.2754560112953186,
      0.2744320034980774,
      0.2744320034980774,
      0.2744320034980774,
      0.2754560112953186
    ],
    "cutlass": [
      0.29388800263404846,
      0.29183998703956604,
      0.2908160090446472,
      0.2908160090446472,
      0.29183998703956604,
      0.2908160090446472,
      0.2908160090446472,
      0.289792001247406,
      0.2908160090446472,
      0.2908160090446472
    ],
    "cuBLAS": [
      0.2252800017595291,
      0.21606400609016418,
      0.2170879989862442,
      0.21606400609016418,
      0.2170879989862442,
      0.2314240038394928,
      0.2181120067834854,
      0.21606400609016418,
      0.2242559939622879,
      0.21503999829292297
    ],
    "HidetMatmul": [
      0.21913599967956543,
      0.22015999257564545,
      0.2181120067834854,
      0.21606400609016418,
      0.2170879989862442,
      0.2181120067834854,
      0.2170879989862442,
      0.2170879989862442,
      0.2181120067834854,
      0.2170879989862442
    ]
  },
  "matmul_992x2304x768": {
    "Opt": [
      0.2805759906768799,
      0.2764799892902374,
      0.2764799892902374,
      0.2764799892902374,
      0.2764799892902374,
      0.2764799892902374,
      0.2754560112953186,
      0.2764799892902374,
      0.2754560112953186,
      0.2754560112953186
    ],
    "cutlass": [
      0.29286399483680725,
      0.29286399483680725,
      0.29183998703956604,
      0.29183998703956604,
      0.29183998703956604,
      0.29183998703956604,
      0.29286399483680725,
      0.29183998703956604,
      0.29183998703956604,
      0.29183998703956604
    ],
    "cuBLAS": [
      0.3041279911994934,
      0.2887679934501648,
      0.2887679934501648,
      0.2877439856529236,
      0.2887679934501648,
      0.2877439856529236,
      0.28672000765800476,
      0.2887679934501648,
      0.28569599986076355,
      0.2877439856529236
    ],
    "HidetMatmul": [
      0.27955201268196106,
      0.27852800488471985,
      0.27852800488471985,
      0.27750399708747864,
      0.2805759906768799,
      0.27750399708747864,
      0.27852800488471985,
      0.27750399708747864,
      0.27852800488471985,
      0.27750399708747864
    ]
  },
  "matmul_1296x2304x768": {
    "Opt": [
      0.419840008020401,
      0.41574400663375854,
      0.41676801443099976,
      0.419840008020401,
      0.41574400663375854,
      0.41471999883651733,
      0.41574400663375854,
      0.41471999883651733,
      0.41574400663375854,
      0.4177919924259186
    ],
    "cutlass": [
      0.43827199935913086,
      0.4362240135669708,
      0.4352000057697296,
      0.4362240135669708,
      0.4362240135669708,
      0.4352000057697296,
      0.4362240135669708,
      0.4352000057697296,
      0.43724799156188965,
      0.4352000057697296
    ],
    "cuBLAS": [
      0.40755200386047363,
      0.3840000033378601,
      0.3840000033378601,
      0.38092800974845886,
      0.3819519877433777,
      0.3829759955406189,
      0.3829759955406189,
      0.3829759955406189,
      0.3819519877433777,
      0.38604798913002014
    ],
    "HidetMatmul": [
      0.36556801199913025,
      0.3624959886074066,
      0.35839998722076416,
      0.35942399501800537,
      0.35942399501800537,
      0.35942399501800537,
      0.35839998722076416,
      0.35942399501800537,
      0.35839998722076416,
      0.35942399501800537
    ]
  },
  "matmul_1600x2304x768": {
    "Opt": [
      0.4208639860153198,
      0.4177919924259186,
      0.41676801443099976,
      0.41676801443099976,
      0.5416960120201111,
      0.4188160002231598,
      0.41676801443099976,
      0.4188160002231598,
      0.41676801443099976,
      0.4188160002231598
    ],
    "cutlass": [
      0.43929600715637207,
      0.4362240135669708,
      0.4362240135669708,
      0.4362240135669708,
      0.4362240135669708,
      0.4362240135669708,
      0.4362240135669708,
      0.4352000057697296,
      0.43724799156188965,
      0.4362240135669708
    ],
    "cuBLAS": [
      0.4925439953804016,
      0.46592000126838684,
      0.46592000126838684,
      0.46489599347114563,
      0.46592000126838684,
      0.46489599347114563,
      0.47308799624443054,
      0.46592000126838684,
      0.4638719856739044,
      0.46592000126838684
    ],
    "HidetMatmul": [
      0.42905598878860474,
      0.4280320107936859,
      0.42905598878860474,
      0.5550079941749573,
      0.4280320107936859,
      0.4270080029964447,
      0.4280320107936859,
      0.4259839951992035,
      0.4270080029964447,
      0.4280320107936859
    ]
  },
  "matmul_1904x2304x768": {
    "Opt": [
      0.5509120225906372,
      0.5468159914016724,
      0.5488640069961548,
      0.5468159914016724,
      0.5478399991989136,
      0.5488640069961548,
      0.5478399991989136,
      0.5468159914016724,
      0.5478399991989136,
      0.5468159914016724
    ],
    "cutlass": [
      0.5836799740791321,
      0.5836799740791321,
      0.5806080102920532,
      0.5826560258865356,
      0.5826560258865356,
      0.5806080102920532,
      0.579584002494812,
      0.5816320180892944,
      0.5816320180892944,
      0.5806080102920532
    ],
    "cuBLAS": [
      0.5529599785804749,
      0.5007359981536865,
      0.5109760165214539,
      0.49561598896980286,
      0.5038080215454102,
      0.5273600220680237,
      0.4976640045642853,
      0.5304319858551025,
      0.506879985332489,
      0.5283839702606201
    ],